Promotion Seen,Timestamp
Feed Follow Option Coachmark,1591866197
translation missing: en-GB.lib.export.portability_exporter.metering.label.CUMULATIVE_STATS_FEATURE_ED_DISMISS_BUTTON,1589992558
translation missing: en-GB.lib.export.portability_exporter.metering.label.CUMULATIVE_STATS_FEATURE_ED_DISMISS_BUTTON,1590003643
translation missing: en-GB.lib.export.portability_exporter.metering.label.CUMULATIVE_STATS_FEATURE_ED_DISMISS_BUTTON,1590012913
Grade Adjusted Pace Activity Detail Upsell,1591126720
Grade Adjusted Pace Activity Detail Upsell,1591128266
Grade Adjusted Pace Activity Detail Upsell,1591135404
Grade Adjusted Pace Activity Detail Upsell,1591212464
Grade Adjusted Pace Activity Detail Upsell,1591293638
Grade Adjusted Pace Activity Detail Upsell,1591298238
Grade Adjusted Pace Activity Detail Upsell,1591309824
Grade Adjusted Pace Activity Detail Upsell,1591377338
Grade Adjusted Pace Activity Detail Upsell,1591473822
Grade Adjusted Pace Activity Detail Upsell,1591536082
Grade Adjusted Pace Activity Detail Upsell,1591536227
Grade Adjusted Pace Activity Detail Upsell,1591555219
Grade Adjusted Pace Activity Detail Upsell,1591596778
Grade Adjusted Pace Activity Detail Upsell,1591640889
Grade Adjusted Pace Activity Detail Upsell,1591866203
Grade Adjusted Pace Activity Detail Upsell,1592202024
Grade Adjusted Pace Activity Detail Upsell,1592930978
Grade Adjusted Pace Activity Detail Upsell,1592983547
Grade Adjusted Pace Activity Detail Upsell,1592983552
Grade Adjusted Pace Activity Detail Upsell,1592983976
Grade Adjusted Pace Activity Detail Upsell,1593023268
Grade Adjusted Pace Activity Detail Upsell,1593078146
Grade Adjusted Pace Activity Detail Upsell,1593337491
Grade Adjusted Pace Activity Detail Upsell,1593337635
Grade Adjusted Pace Activity Detail Upsell,1593344631
Grade Adjusted Pace Activity Detail Upsell,1593458119
Grade Adjusted Pace Activity Detail Upsell,1593459095
Grade Adjusted Pace Activity Detail Upsell,1593459099
Grade Adjusted Pace Activity Detail Upsell,1593459104
Grade Adjusted Pace Activity Detail Upsell,1593608028
Grade Adjusted Pace Activity Detail Upsell,1593719110
Grade Adjusted Pace Activity Detail Upsell,1593877458
Grade Adjusted Pace Activity Detail Upsell,1594248009
Grade Adjusted Pace Activity Detail Upsell,1594248035
Grade Adjusted Pace Activity Detail Upsell,1594756248
Grade Adjusted Pace Activity Detail Upsell,1594756415
Grade Adjusted Pace Activity Detail Upsell,1594756422
Grade Adjusted Pace Activity Detail Upsell,1594970096
Grade Adjusted Pace Activity Detail Upsell,1595016811
Grade Adjusted Pace Activity Detail Upsell,1595094777
Grade Adjusted Pace Activity Detail Upsell,1595094804
Grade Adjusted Pace Activity Detail Upsell,1595094871
Grade Adjusted Pace Activity Detail Upsell,1595094906
Grade Adjusted Pace Activity Detail Upsell,1595094937
Grade Adjusted Pace Activity Detail Upsell,1595397717
Grade Adjusted Pace Activity Detail Upsell,1595397721
Grade Adjusted Pace Activity Detail Upsell,1595397726
Grade Adjusted Pace Activity Detail Upsell,1595932998
Grade Adjusted Pace Activity Detail Upsell,1595964325
Grade Adjusted Pace Activity Detail Upsell,1596002183
Grade Adjusted Pace Activity Detail Upsell,1596136342
Grade Adjusted Pace Activity Detail Upsell,1596136540
Grade Adjusted Pace Activity Detail Upsell,1596139295
Grade Adjusted Pace Activity Detail Upsell,1596280477
Grade Adjusted Pace Activity Detail Upsell,1596280490
Grade Adjusted Pace Activity Detail Upsell,1596280496
Grade Adjusted Pace Activity Detail Upsell,1596280519
Grade Adjusted Pace Activity Detail Upsell,1596280526
Grade Adjusted Pace Activity Detail Upsell,1596280584
Grade Adjusted Pace Activity Detail Upsell,1596295219
Grade Adjusted Pace Activity Detail Upsell,1596696882
Grade Adjusted Pace Activity Detail Upsell,1596730680
Grade Adjusted Pace Activity Detail Upsell,1596730691
Grade Adjusted Pace Activity Detail Upsell,1596874309
Grade Adjusted Pace Activity Detail Upsell,1596874350
Grade Adjusted Pace Activity Detail Upsell,1596874390
Grade Adjusted Pace Activity Detail Upsell,1597125949
Grade Adjusted Pace Activity Detail Upsell,1597126068
Grade Adjusted Pace Activity Detail Upsell,1597126083
Grade Adjusted Pace Activity Detail Upsell,1597126238
Grade Adjusted Pace Activity Detail Upsell,1597126244
Grade Adjusted Pace Activity Detail Upsell,1597126249
Grade Adjusted Pace Activity Detail Upsell,1597426352
Grade Adjusted Pace Activity Detail Upsell,1600457637
Grade Adjusted Pace Activity Detail Upsell,1600933224
Grade Adjusted Pace Activity Detail Upsell,1602224485
Grade Adjusted Pace Activity Detail Feature Education,1602334876
Grade Adjusted Pace Activity Detail Feature Education,1602334885
Grade Adjusted Pace Activity Detail Feature Education,1602334904
translation missing: en-GB.lib.export.portability_exporter.metering.label.EVERGREEN_STATS_FEATURE_ED,1615678623
translation missing: en-GB.lib.export.portability_exporter.metering.label.EVERGREEN_STATS_FEATURE_ED,1616505586
translation missing: en-GB.lib.export.portability_exporter.metering.label.EVERGREEN_STATS_FEATURE_ED,1616678797
